game_key,Q1,Q2,Q3,Q4,Q5,Q6,Q7,Q8,start
20250420_ind_mil,202504200211',202504200239',202504200242',202504200315',202504200331',202504200406',202504200409',202504200447',2:00 AM
20250423_ind_mil,202504230806',202504230840',202504230844',202504230913',202504230929',202504231000',202504231003',202504231040',8:00 AM
20250426_ind_mil,202504260909',202504260937',202504260941',202504261010',202504261025',202504261058',202504261102',202504261129',9:00 AM
20250428_ind_mil,202504281043',202504281109',202504281112',202504281143',202504281159',202504281233',202504281236',202504281304',10:30 AM
20250430_ind_mil,202504300707',202504300734',202504300738',202504300805',202504300820',202504300859',202504300902',202504300936',7:00 AM
20250420_det_nyk,202504200720',202504200749',202504200753',202504201926',202504201942',202504200916',202504200920',202504200952',7:00 AM
20250422_det_nyk,202504232136',202504232103',202504232107',202504232136',202504232153',202504232128',202504232132',202504231114',8:30 AM
20250425_det_nyk,202504251907',202504251944',202504251947',202504252024',202504252040',202504251015',202504251019',202504251103',8:00 AM
20250428_det_nyk,202504281312',202504281339',202504281342',202504281419',202504281436',202504280404',202504280407',202504280443',2:00 AM
20250430_det_nyk,202504301937',202504302010',202504302014',202504302045',202504302101',202504302134',202504302138',202504301123',8:30 AM
20250502_det_nyk,202505021937',202505022002',202505022006',202505022037',202505022053',202505022135',202505022138',202505021129',8:30 AM
20250421_orl_bos,202504210441',202504210506',202504210510',202504210537',202504210553',202504210623',202504210630',202504210658',4:30 AM
20250424_orl_bos,202504240806',202504240834',202504240838',202504240913',202504240930',202504241001',202504241005',202504241037',8:00 AM
20250426_orl_bos,202504260815',202504260849',202504260852',202504260921',202504260938',202504260910',202504260913',202504261101',8:00 AM
20250428_orl_bos,202504280806',202504280834',202504280838',202504280906',202504280922',202504280956',202504280959',202504281040',8:00 AM
20250430_orl_bos,202504300953',202504301019',202504301022',202504301055',202504301110',202504301140',202504301144',202504301212',9:30 AM
20250421_mia_cle,202504211907',202504211933',202504211936',202504212003',202504212020',202504212048',202504212052',202504212123',8:00 AM
20250424_mia_cle,202504241942',202504242009',202504242012',202504242038',202504242054',202504242127',202504242130',202504242206',8:30 AM
20250427_mia_cle,202504270207',202504270232',202504270236',202504270304',202504270321',202504270351',202504270354',202504270321',2:00 AM
20250429_mia_cle,202504290836',202504290905',202504290909',202504290936',202504290953',202504291026',202504291029',202504291054',8:30 AM
20250421_gsw_hou,202504211037',202504211103',202504211107',202504211135',202504211152',202504211224',202504211228',202504211258',10:30 AM
20250424_gsw_hou,202504241047',202504241123',202504241126',202504241159',202504241216',202504241243',202504241247',202504241327',10:30 AM
20250427_gsw_hou,202504270947',202504271013',202504271016',202504271050',202504271107',202504271135',202504271139',202504271217',9:30 AM
20250429_gsw_hou,202504291106',202504291134',202504291138',202504291221',202504291239',202504291315',202504291319',202504291356',11:00 AM
20250501_gsw_hou,202505010837',202505010906',202505010910',202505010940',202505010957',202505011025',202505011028',202505011108',8:30 AM
20250503_gsw_hou,202505031015',202505031043',202505032147',202505031118',202505031134',202505031206',202505031209',202505031254',10:00 AM
20250505_gsw_hou,202505050942',202505051006',202505051009',202505051038',202505051055',202505051128',202505051131',202505051206',9:30 AM
20250421_okc_mem,202504210211',202504210241',202504210244',202504210316',202504210331',202504210359',202504210602',202504210623',2:00 AM
20250423_okc_mem,202504230836',202504230906',202504230909',202504230935',202504230952',202504231017',202504231020',202504231052',8:30 AM
20250425_okc_mem,202504251047',202504251116',202504251119',202504251155',202504251212',202504251246',202504251249',202504251325',10:30 AM
20250427_okc_mem,202504270436',202504270504',202504270508',202504270541',202504270557',202504270631',202504270635',202504270718',4:30 AM
20250420_den_lac,202504200449',202504200514',202504200518',202504200549',202504200605',202504200633',202504200637',202504200734',4:30 AM
20250422_den_lac,202504221114',202504222240',202504221144',202504221209',202504221226',202504221258',202504221302',202504221333',11:00 AM
20250425_den_lac,202504251116',202504251143',202504251147',202504251216',202504251231',202504251258',202504251302',202504251335',11:00 AM
20250427_den_lac,202504270715',202504270739',202504270743',202504270819',202504270836',202504270907',202504270910',202504270947',7:00 AM
20250430_den_lac,202504301117',202504301150',202504301154',202504301220',202504301236',202504301309',202504301312',202504301346',11:00 AM
20250502_den_lac,202505021121',202505021145',202505021148',202505021216',202505021233',202505021258',202505021301',202505021334',11:00 AM
20250504_den_lac,202505040836',202505040903',202505040906',202505040936',202505040952',202505041025',202505041026',202505041056',8:30 AM
20250420_min_lal,202504200952',202504201015',202504201019',202504201048',202504201103',202504201134',202504201137',202504201206',9:30 AM
20250423_min_lal,202504231106',202504231138',202504231142',202504231212',202504231229',202504231303',202504231307',202504231337',11:00 AM
20250426_min_lal,202504261055',202504261124',202504261128',202504261203',202504261218',202504261246',202504261250',202504261329',10:30 AM
20250428_min_lal,202504280453',202504280522',202504280526',202504280603',202504280619',202504280651',202504280654',202504280734',4:30 AM
20250501_min_lal,20250501113',202505011144',202505011148',202505011222',202505011239',202505011309',202505011313',202505011353',11:00 AM
20250506_bos_nyk,202505060807',202505060837',202505060841',202505060917',202505060934',202505060958',202505061002',202505061037',8:00 AM
20250508_bos_nyk,202505080807',202505080831',202505080835',202505080905',202505080921',202505080949',202505080952',202505081024',8:00 AM
20250511_bos_nyk,202505110442',202505110514',202505110517',202505110547',202505110603',202505110633',202505110637',202505110705',4:30 AM
20250513_bos_nyk,202505130845',202505130910',202505130914',202505130946',202505131002',202505131033',202505131036',202505131112',8:30 AM
20250515_bos_nyk,202505150806',202505150840',202505150844',202505150912',202505150928',202505151008',202505151011',202505151044',8:00 AM
20250517_bos_nyk,202505170915',202505170943',202505170947',202505171021',202505171037',202505171106',202505171110',202505171135',9:00 AM
20250505_ind_cle,202505050707',202505050731',202505050734',202505050803',202505050820',202505050851',202505050855',202505050929',7:00 AM
20250507_ind_cle,202505070807',202505070838',202505070841',202505070912',202505070929',202505070957',202505071001',202505071047',8:00 AM
20250510_ind_cle,202505100844',202505100915',202505100919',202505100953',202505101009',202505101045',202505101049',202505101126',8:30 AM
20250512_ind_cle,202505120907',202505120945',202505120948',202505121020',202505121036',202505121112',202505121115',202505121142',9:00 AM
20250514_ind_cle,202505140807',202505140839',202505140843',202505140916',202505140933',202505141005',202505141008',202505141042',8:00 AM
20250506_den_okc,202505061045',202505061111',202505061114',202505061144',202505061200',202505061231',202505061235',202505061326',10:30 AM
20250508_den_okc,202505081038',202505081108',202505081112',202505081148',202505081204',202505081242',202505081246',202505081314',10:30 AM
20250510_den_okc,202505101127',202505101153',202505101156',202505101225',202505101241',202505101315',202505101316',202505101351',11:00 AM
20250512_den_okc,202505120442',202505120509',202505120513',202505120545',202505120601',202505120629',202505120633',202505120717',4:30 AM
20250514_den_okc,202505141048',202505141113',202505141117',202505141146',202505141202',202505141228',202505141231',202505141308',10:30 AM
20250516_den_okc,202505160945',202505161010',202505161013',202505161049',202505161105',202505161133',202505161137',202505161214',9:30 AM
20250519_den_okc,202505190441',202505190507',202505190510',202505190541',202505190557',202505190632',202505190635',202505190702',4:30 AM
20250507_gsw_min,202505071043',202505071109',202505071112',202505071142',202505071159',202505071234',202505071238',202505071314',10:30 AM
20250509_gsw_min,202505090936',202505091006',202505091009',202505091041',202505091058',20250509128',202505091131',202505091203',9:30 AM
20250511_gsw_min,202505110942',202505121010',202505121014',202505121045',202505121101',202505121137',202505121141',202505121221',9:30 AM
20250513_gsw_min,202505131127',202505131154',202505131158',202505131232',202505131250',202505131319',202505131323',202505131405',11:00 AM
20250515_gsw_min,202505131050',202505151114',202505151117',202505151145',202505151201',202505151232',202505151235',202505151313',10:30 AM
20250522_ind_nyk,202505220907',202505220935',202505220938',202505221011',202505221028',202505221100',202505221104',202505221214',9:00 AM
20250524_ind_nyk,202505240906',202505240934',202505240937',202505241010',202505241027',202505241057',202505241101',202505241139',9:00 AM
20250526_ind_nyk,202505260907',202505260937',202505260941',202505261015',202505261031',202505261059',202505261103',202505261148',9:00 AM
20250528_ind_nyk,202505280906',202505280935',202505280939',202505281009',202505281026',202505281105',202505281108',202505281149',9:00 AM
20250530_ind_nyk,202505290906',202505290932',202505290936',202505291002',202505291019',202505291102',202505291105',202505291137',9:00 AM
20250601_ind_nyk,202506010906',202506010931',202506010934',202506011012',202506011028',202506011102',202506011106',202506011136',9:00 AM
20250521_okc_min,202505210945',202505211014',202505211018',202505211047',202505211103',202505211137',202505211140',202505211212',9:30 AM
20250523_okc_min,202505230945',202505231013',202505231016',202505231046',202505231102',202505231139',202505231142',202505231217',9:30 AM
20250525_okc_min,202505250942',202505251009',202505251013',202505251048',202505251104',202505251132',202505251136',202505251200',9:30 AM
20250527_okc_min,202505272044',202505272111',202505272115',202505272148',202505271105',202505271132',202505271136',202505271220',9:30 AM
20250529_okc_min,202505290945',202505291011',202505291014',202505291046',202505291102',202505291127',202505291131',202505291158',9:30 AM
20250606_okc_ind,202506060938',202506061007',202506061011',202506061040',202506061056',202506061124',202506061127',202506061208',9:30 AM
20250609_okc_ind,202506090908',202506090935',202506090939',202506091010',202506091026',202506091102',202506091106',202506091138',9:00 AM
20250612_okc_ind,202506120939',202506121008',202506121011',202506121048',202506121105',202506121133',202506121136',202506121215',9:30 AM
20250614_okc_ind,202506140938',202506141011',202506141014',202506141050',202506141108',202506141141',202506141145',202506141227',9:30 AM
20250617_okc_ind,202506170940',202506171009',202506171012',202506171045',202506171102',202506171135',202506171138',202506171218',9:30 AM
20250620_okc_ind,202506200941',202506201010',202506201014',202506201047',202506201104',202506201138',202506201141',202506201212',9:30 AM
20250623_okc_ind,202506230909',202506230936',202506230940',202506231012',202506231030',202506231100',202506231103',202506231149',9:00 AM
